INSERT INTO notes ( ID_NOTES, VALEUR,PRESENCE) VALUES(1,11,true);
INSERT INTO notes ( ID_NOTES, VALEUR,PRESENCE) VALUES(2,14,true);
INSERT INTO notes ( ID_NOTES, VALEUR,PRESENCE) VALUES(3,13,true);
INSERT INTO notes ( ID_NOTES, VALEUR,PRESENCE) VALUES(4,16,true);
INSERT INTO notes ( ID_NOTES, VALEUR,PRESENCE) VALUES(5,10,true);
INSERT INTO notes ( ID_NOTES, VALEUR,PRESENCE) VALUES(6,6,true);
INSERT INTO notes ( ID_NOTES, VALEUR,PRESENCE) VALUES(7,17,true);
INSERT INTO notes ( ID_NOTES, VALEUR,PRESENCE) VALUES(8,0,false);
INSERT INTO notes ( ID_NOTES, VALEUR,PRESENCE) VALUES(9,16,true);
INSERT INTO notes ( ID_NOTES, VALEUR,PRESENCE) VALUES(10,13,true);
INSERT INTO notes ( ID_NOTES, VALEUR,PRESENCE) VALUES(11,15.5,true);
INSERT INTO notes ( ID_NOTES, VALEUR,PRESENCE) VALUES(12,7.5,true);
INSERT INTO notes ( ID_NOTES, VALEUR,PRESENCE) VALUES(13,9.5,true);
INSERT INTO notes ( ID_NOTES, VALEUR,PRESENCE) VALUES(14,16.5,true);
INSERT INTO notes ( ID_NOTES, VALEUR,PRESENCE) VALUES(15,10.5,true);
INSERT INTO notes ( ID_NOTES, VALEUR,PRESENCE) VALUES(16,15.5,true);


INSERT INTO students ( ID_STUDENTS, AGE, NAME ,PRENOM ,moyenneM ,MOYENNEG) VALUES( 1,20,'hichem','seriket',0,0);
INSERT INTO students ( ID_STUDENTS, AGE, NAME ,PRENOM ,moyenneM ,MOYENNEG) VALUES( 2,19, 'fatima','ok',0, 0);
INSERT INTO students ( ID_STUDENTS, AGE, NAME ,PRENOM ,moyenneM ,MOYENNEG) VALUES( 3,18,'celine','okk',0,0);
INSERT INTO students ( ID_STUDENTS, AGE, NAME ,PRENOM ,moyenneM ,MOYENNEG) VALUES( 4,17,'catherine','ook',0,0);


INSERT INTO teacher (  ID_TEACHER, NOM) VALUES(1, 'florent');
INSERT INTO teacher (  ID_TEACHER, NOM) VALUES(2, 'pierre');
INSERT INTO teacher (  ID_TEACHER, NOM) VALUES(3, 'daniel');
INSERT INTO teacher (  ID_TEACHER, NOM) VALUES(4, 'hichem');



INSERT INTO matieres(ID_MATIERES, NAME )VALUES(1,'Mathematique');
INSERT INTO matieres(ID_MATIERES, NAME )VALUES(2,'Français');
INSERT INTO matieres(ID_MATIERES, NAME )VALUES(3,'Geo');
INSERT INTO matieres(ID_MATIERES, NAME )VALUES(4,'OnePiece');


INSERT INTO notes_matieres(NOTES_ID_NOTES, MATIERES_ID_MATIERES )VALUES(1,1);
INSERT INTO notes_matieres(NOTES_ID_NOTES, MATIERES_ID_MATIERES )VALUES(2,1);
INSERT INTO notes_matieres(NOTES_ID_NOTES, MATIERES_ID_MATIERES )VALUES(3,2);
INSERT INTO notes_matieres(NOTES_ID_NOTES, MATIERES_ID_MATIERES )VALUES(4,2);
INSERT INTO notes_matieres(NOTES_ID_NOTES, MATIERES_ID_MATIERES )VALUES(5,1);
INSERT INTO notes_matieres(NOTES_ID_NOTES, MATIERES_ID_MATIERES )VALUES(6,1);
INSERT INTO notes_matieres(NOTES_ID_NOTES, MATIERES_ID_MATIERES )VALUES(7,2);
INSERT INTO notes_matieres(NOTES_ID_NOTES, MATIERES_ID_MATIERES )VALUES(8,2);
INSERT INTO notes_matieres(NOTES_ID_NOTES, MATIERES_ID_MATIERES )VALUES(9,1);
INSERT INTO notes_matieres(NOTES_ID_NOTES, MATIERES_ID_MATIERES )VALUES(10,1);
INSERT INTO notes_matieres(NOTES_ID_NOTES, MATIERES_ID_MATIERES )VALUES(11,2);
INSERT INTO notes_matieres(NOTES_ID_NOTES, MATIERES_ID_MATIERES )VALUES(12,2);
INSERT INTO notes_matieres(NOTES_ID_NOTES, MATIERES_ID_MATIERES )VALUES(13,1);
INSERT INTO notes_matieres(NOTES_ID_NOTES, MATIERES_ID_MATIERES )VALUES(14,1);
INSERT INTO notes_matieres(NOTES_ID_NOTES, MATIERES_ID_MATIERES )VALUES(15,2);
INSERT INTO notes_matieres(NOTES_ID_NOTES, MATIERES_ID_MATIERES )VALUES(16,2);




INSERT INTO STUDENTS_NOTES(STUDENTS_ID_STUDENTS, NOTES_ID_NOTES )VALUES(1,1);
INSERT INTO STUDENTS_NOTES(STUDENTS_ID_STUDENTS, NOTES_ID_NOTES )VALUES(1,2);
INSERT INTO STUDENTS_NOTES(STUDENTS_ID_STUDENTS, NOTES_ID_NOTES )VALUES(1,3);
INSERT INTO STUDENTS_NOTES(STUDENTS_ID_STUDENTS, NOTES_ID_NOTES )VALUES(1,4);
INSERT INTO STUDENTS_NOTES(STUDENTS_ID_STUDENTS, NOTES_ID_NOTES )VALUES(2,5);
INSERT INTO STUDENTS_NOTES(STUDENTS_ID_STUDENTS, NOTES_ID_NOTES )VALUES(2,6);
INSERT INTO STUDENTS_NOTES(STUDENTS_ID_STUDENTS, NOTES_ID_NOTES )VALUES(2,7);
INSERT INTO STUDENTS_NOTES(STUDENTS_ID_STUDENTS, NOTES_ID_NOTES )VALUES(2,8);
INSERT INTO STUDENTS_NOTES(STUDENTS_ID_STUDENTS, NOTES_ID_NOTES )VALUES(3,9);
INSERT INTO STUDENTS_NOTES(STUDENTS_ID_STUDENTS, NOTES_ID_NOTES )VALUES(3,10);
INSERT INTO STUDENTS_NOTES(STUDENTS_ID_STUDENTS, NOTES_ID_NOTES )VALUES(3,11);
INSERT INTO STUDENTS_NOTES(STUDENTS_ID_STUDENTS, NOTES_ID_NOTES )VALUES(3,12);
INSERT INTO STUDENTS_NOTES(STUDENTS_ID_STUDENTS, NOTES_ID_NOTES )VALUES(4,13);
INSERT INTO STUDENTS_NOTES(STUDENTS_ID_STUDENTS, NOTES_ID_NOTES )VALUES(4,14);
INSERT INTO STUDENTS_NOTES(STUDENTS_ID_STUDENTS, NOTES_ID_NOTES )VALUES(4,15);
INSERT INTO STUDENTS_NOTES(STUDENTS_ID_STUDENTS, NOTES_ID_NOTES )VALUES(4,16);




INSERT INTO TEACHER_MATIERES (TEACHER_ID_TEACHER, MATIERES_ID_MATIERES )VALUES(1,1);
INSERT INTO TEACHER_MATIERES (TEACHER_ID_TEACHER, MATIERES_ID_MATIERES )VALUES(2,2);
INSERT INTO TEACHER_MATIERES (TEACHER_ID_TEACHER, MATIERES_ID_MATIERES )VALUES(3,3);
INSERT INTO TEACHER_MATIERES (TEACHER_ID_TEACHER, MATIERES_ID_MATIERES )VALUES(4,4);

